"SNP","samplesize","b","se","p","up","low"
"rs3852696",9263,0.416607923986593,0.40554287272705,0.304286499368684,1.21147195453161,-0.378256106558425
"rs1377943",9263,0.555974283921572,0.413873686160495,0.179160962117178,1.36716670879614,-0.255218140952998
"rs13054063",9263,0.554516355610447,0.444667391433852,0.212384206698897,1.4260644428208,-0.317031731599902
"rs2083819",9263,0.340140609679597,0.442133204419841,0.441705121796558,1.20672169034249,-0.526440470983291
"rs5010444",9263,0.570462028676765,0.450225885776426,0.205134775546546,1.45290476479856,-0.31198070744503
"rs17167014",9263,0.10508329130957,0.449392054445432,0.815113594472374,0.985891718022617,-0.775725135403477
"rs1505676",9263,0.595693963671655,0.452835134984469,0.188349821130475,1.48325082824121,-0.291862900897903
"rs61069314",9263,0.317572509801288,0.440671511321792,0.471121272306338,1.181288671992,-0.546143652389425
"rs11031244",9263,0.025498473413395,0.462788077380647,0.956060775231176,0.932563105079464,-0.881566158252674
"rs10068439",9263,0.199075843115486,0.485386911838275,0.681704377335919,1.1504341903185,-0.752282504087533
"rs12608436",9263,0.381399295427915,0.462022581967662,0.409088207664868,1.28696355608453,-0.524164965228703
"rs117195444",9263,0.142179039092057,0.476207091428316,0.765271543114294,1.07554493829156,-0.791186860107442
"rs258527",9263,0.0952699244107577,0.47127088263565,0.839795287596852,1.01896085437663,-0.828421005555117
"rs13148153",9263,0.71128594718976,0.478886597983685,0.137466758704625,1.64990367923778,-0.227331784858264
"rs117082676",9263,0.0543704125943544,0.502124139160833,0.91377293805357,1.03853372534959,-0.929792900160879
"rs79264434",9263,0.582246773387048,0.48749849164993,0.232338720649766,1.53774381702091,-0.373250270246815
"rs12616253",9263,0.697495510928397,0.474858657311227,0.141873837575949,1.6282184792584,-0.233227457401608
"rs1060401",9263,0.458456168706769,0.479415566883141,0.338930106312511,1.39811067979773,-0.481198342384187
"rs200785817",9263,0.328326898858314,0.481836294766979,0.495613634101798,1.27272603660159,-0.616072238884966
"rs13166079",9263,0.28354289036292,0.494460940065466,0.566347896389406,1.25268633289123,-0.685600552165394
"All - Inverse variance weighted",9263,0.376034782151584,0.103015933927966,0.000261976585336442,0.577946012650398,0.17412355165277
"All - MR Egger",9263,0.255336725916299,0.447741960423298,0.575540227440082,1.13291096834596,-0.622237516513365
