"SNP","samplesize","b","se","p","up","low"
"rs35406833",10041,0.148999903383188,0.13677986320381,0.276003569709628,0.417088435262655,-0.119088628496279
"rs12741441",10041,0.0259571766093184,0.108275445148418,0.810537398598628,0.238177049100217,-0.18626269588158
"rs72689362",10041,0.255976408160385,0.125112637031136,0.0407595534420648,0.501197176741412,0.0107556395793583
"rs2111299",10041,0.0665574214722705,0.116675295250978,0.5683725294505,0.295241000164188,-0.162126157219647
"rs12466413",10041,0.153149655650432,0.141878733065196,0.280391388731237,0.431231972458216,-0.124932661157353
"rs61857296",10041,0.153889485121669,0.141574457809776,0.277042898523738,0.43137542242883,-0.123596452185491
"rs13027730",10041,0.172695179895811,0.134366943265126,0.198704764596336,0.436054388695458,-0.0906640289038364
"rs75986542",10041,0.0081070912243412,0.14184322395065,0.954421489805681,0.286119810167615,-0.269905627718932
"rs111587129",10041,0.032172764425286,0.14107275762692,0.819601186862083,0.308675369374049,-0.244329840523478
"rs1125474",10041,0.0258636192116277,0.148085040688909,0.861351650011276,0.316110298961889,-0.264383060538634
"rs9474285",10041,0.0842838873682742,0.142346211890108,0.553780356218082,0.363282462672886,-0.194714687936337
"rs9398160",10041,0.149066186688892,0.133508289136751,0.264194770190931,0.410742433396924,-0.11261006001914
"rs11080344",10041,0.320606904824424,0.127508490901746,0.011923629112719,0.570523546991846,0.070690262657003
"rs10925211",10041,0.0154711261597317,0.109353870793281,0.887492633203987,0.229804712914563,-0.1988624605951
"rs12194210",10041,0.102356368694116,0.154677377609042,0.508137198270537,0.405524028807839,-0.200811291419607
"rs62465972",10041,0.101171996347407,0.12611486211157,0.422425105421941,0.348357126086083,-0.14601313339127
"rs6518564",10041,0.131641084022006,0.104375905757484,0.20722923535384,0.336217859306675,-0.0729356912626624
"rs1907321",10041,0.111174397699096,0.128969128686632,0.388674680075753,0.363953889924894,-0.141605094526702
"rs7623332",10041,0.0892222639011214,0.152234154846423,0.557817913559959,0.387601207400111,-0.209156679597868
"All - Inverse variance weighted",10041,0.112042595494118,0.029788825197504,0.000169080491273971,0.170428692881226,0.0536564981070107
"All - MR Egger",10041,0.00934721758800647,0.13097613032387,0.943939484865021,0.266060433022792,-0.247365997846779
