"SNP","samplesize","b","se","p","up","low"
"rs35406833",10041,0.148999881698805,0.136781024488347,0.276007716570478,0.417090689695966,-0.119090926298356
"rs12741441",10041,0.0259572124985317,0.108270292493833,0.81052829638659,0.238166985786444,-0.186252560789381
"rs72689362",10041,0.25597615671947,0.125132576273959,0.0407918396175955,0.50123600621643,0.01071630722251
"rs2111299",10041,0.0665573519605593,0.116671221446088,0.568359427364494,0.295232945994891,-0.162118242073773
"rs12466413",10041,0.1531496536635,0.14187990269545,0.280395360036932,0.431234262946582,-0.124934955619582
"rs61857296",10041,0.153889606262877,0.141575758066409,0.277046932392641,0.43137809207304,-0.123598879547285
"rs13027730",10041,0.172695451157323,0.134371623995613,0.198719699733522,0.436063834188725,-0.0906729318740785
"rs75986542",10041,0.00810710380738961,0.141836088467409,0.95441912867094,0.286105837203512,-0.269891629588733
"rs111587129",10041,0.0321726753265086,0.141066413360899,0.819593704382431,0.308662845513871,-0.244317494860853
"rs1125474",10041,0.0258635829607157,0.148077639186775,0.861344982380574,0.316095755766794,-0.264368589845362
"rs9474285",10041,0.0842837863130831,0.142341703361474,0.55376827390035,0.363273524901572,-0.194705952275406
"rs9398160",10041,0.149066179789111,0.133510031592336,0.264201026164906,0.410745841710089,-0.112613482131867
"rs11080344",10041,0.320606733850666,0.127542376267692,0.0119462818945179,0.570589791335342,0.0706236763659903
"rs10925211",10041,0.0154711331775179,0.109348479905617,0.887487072797126,0.229794153792527,-0.198851887437491
"rs12194210",10041,0.102356411731427,0.154673126019178,0.508125360605868,0.405515738729016,-0.200802915266163
"rs62465972",10041,0.101171894841486,0.126112574467931,0.422417154751884,0.34835254079863,-0.146008751115658
"rs6518564",10041,0.131641063772564,0.104379123226123,0.207243308557758,0.336224145295765,-0.0729420177506368
"rs1907321",10041,0.111174660807956,0.128967683372561,0.388668241519776,0.363951320218175,-0.141601998602264
"rs7623332",10041,0.0892223163924365,0.152229301224538,0.557805125106548,0.38759174679253,-0.209147114007657
"All - Inverse variance weighted",10041,0.112030653220671,0.0297890800504084,0.000169373517375249,0.170417250119471,0.0536440563218704
"All - MR Egger",10041,0.00937072923623423,0.130978866661836,0.943799898514089,0.266089307893432,-0.247347849420964
