"SNP","samplesize","b","se","p","up","low"
"rs3852696",9263,0.416607500845827,0.405543576510748,0.304287829753997,1.21147291080689,-0.37825790911524
"rs1377943",9263,0.555974776729725,0.413892048603212,0.179179866633608,1.36720319199202,-0.25525363853257
"rs13054063",9263,0.554516678332271,0.444681528995121,0.212398477423604,1.42609247516271,-0.317059118498166
"rs2083819",9263,0.34014055895707,0.442123495156703,0.441695162978746,1.20670260946421,-0.526421491550069
"rs5010444",9263,0.570461980767324,0.450240762509029,0.205149782668641,1.45293387528502,-0.312009913750372
"rs17167014",9263,0.10508300242493,0.449368832480348,0.815104712111165,0.985845914086412,-0.775679909236552
"rs1505676",9263,0.595692715799628,0.452851649897509,0.188366860162016,1.48328194959875,-0.291896517999491
"rs61069314",9263,0.31757186864878,0.440658034333338,0.471108603909187,1.18126161594212,-0.546117878644562
"rs11031244",9263,0.0254985533647664,0.46276454672096,0.956058405628185,0.932517064937848,-0.881519958208315
"rs10068439",9263,0.199075957618932,0.485367692682276,0.681692291721788,1.15039663527619,-0.752244720038328
"rs12608436",9263,0.381398028137809,0.462013219600458,0.409080271132849,1.28694393855471,-0.524147882279089
"rs117195444",9263,0.142179361024095,0.476185102599056,0.765260506418561,1.07550216211824,-0.791143440070055
"rs258527",9263,0.0952701583058075,0.471246451099745,0.839786706394562,1.01891320246131,-0.828372885849692
"rs13148153",9263,0.711283913337471,0.478913291156828,0.137489805098164,1.64995396400485,-0.227386137329912
"rs79264434",9263,0.582244779440032,0.487509917632528,0.232351265394356,1.53776421799979,-0.373274659119723
"rs117082676",9263,0.0543703005802722,0.502094311579516,0.913768012572771,1.03847515127612,-0.92973455011558
"rs12616253",9263,0.697500910264473,0.474889940750058,0.141897005140648,1.62828519413459,-0.23328337360564
"rs1060401",9263,0.458455131365781,0.479410262731563,0.338925855319095,1.39809924631964,-0.481188983588082
"rs200785817",9263,0.328327041639002,0.481821113535047,0.495599865389922,1.27269642416769,-0.61604234088969
"rs4789471",9263,0.25729520060872,0.495939196649751,0.603897482211827,1.22933602604223,-0.714745624824793
"All - Inverse variance weighted",9263,0.374910319269105,0.103028722336646,0.000273814358327151,0.57684661504893,0.17297402348928
"All - MR Egger",9263,0.240477756361604,0.451854915529635,0.60109480386068,1.12611339079969,-0.645157878076481
